Nx,,,,K/O,z[,XRA,AEFC,X^WA,Ґ,TV
2006,iP,PߑP,03/04(y),16:04,f,1-1,Ya,,"20,916",mgj^i@ronqsri^j
2006,iP,PߑQ,03/05(),13:00,b{,0-2,,,"14,277",R^erÉi^j^i@ronqsri^j
2006,iP,PߑQ,03/05(),13:35,e,2-0,啪,X^,"22,531",
2006,iP,PߑQ,03/05(),14:04,֓c,1-1,,É,"28,564",i@ronqsr
2006,iP,PߑQ,03/05(),14:04,É,3-2,b,䗤,"17,199",XJCp[tFNsuI^mgjÉi^j^mgji^j^i@ronqsri^j
2006,iP,PߑQ,03/05(),15:00,e,6-0,V,X,"17,444",i@ronqsri^j
2006,iP,PߑQ,03/05(),15:03,{,4-2,t,,"13,085",erʁ^ari^j^i@ronqsri^j
2006,iP,PߑQ,03/05(),15:06,L,3-4,,Lr,"17,564",ar^i@ronqsri^j
2006,iP,PߑQ,03/05(),15:35,lFM,4-1,s,YX,"23,607",
2006,iP,QߑP,03/11(y),14:04,Ya,3-1,֓c,,"56,512",sariPj^É^erʁi^j^i@ronqsri^j
2006,iP,QߑP,03/11(y),15:02,t,2-2,b{,tNA,"11,896",XJCp[tFNsuI^teri^j^Ri^j^i@ronqsri^j
2006,iP,QߑP,03/11(y),15:04,V,2-0,e,VX,"40,266",ar^i@ronqsri^j
2006,iP,QߑP,03/11(y),15:04,,2-0,É,{,"13,054",erÉ^i@ronqsr
2006,iP,QߑP,03/11(y),16:03,,0-3,lFM,JV},"22,454",mgj^i@ronqsri^j
2006,iP,QߑP,03/11(y),16:06,s,2-7,e,,"7,921",
2006,iP,QߑP,03/11(y),19:04,,1-1,{,,"12,040",ar^er{i^j^i@ronqsri^j
2006,iP,QߑQ,03/12(),14:06,啪,1-1,L,΃h,"17,043",
2006,iP,QߑQ,03/12(),15:06,b,1-6,f,,"30,561",ar^i@ronqsri^j
2006,iP,RߑP,03/18(y),14:03,֓c,1-1,s,}n,"10,560",É^jarsi^j^i@ronqsri^j
2006,iP,RߑP,03/18(y),14:04,e,0-1,,X^,"19,011",
2006,iP,RߑP,03/18(y),14:05,L,1-4,Ya,Lr,"16,742",mgjL^XJCp[tFNsuI^i@ronqsri^j
2006,iP,RߑP,03/18(y),15:01,{,1-2,V,,"9,368",erʁi^j^i@ronqsri^j
2006,iP,RߑP,03/18(y),15:04,b{,1-0,e,,"9,082",ar^i@ronqsri^j
2006,iP,RߑP,03/18(y),15:33,É,0-0,,LcX,"22,651",Éer^i@ronqsri^j
2006,iP,RߑP,03/18(y),16:04,t,2-2,,tNA,"8,567",i@ronqsr
2006,iP,RߑP,03/18(y),16:05,lFM,3-1,b,YX,"19,307",
2006,iP,RߑP,03/18(y),19:04,f,1-3,啪,,"8,388",ar^i@ronqsri^j
2006,iP,SߑP,03/21(΁Ej),14:04,,3-1,b{,JV},"14,815",
2006,iP,SߑP,03/21(΁Ej),14:04,,0-1,É,,"8,585",mgj^mgjÉ^i@ronqsri^j
2006,iP,SߑP,03/21(΁Ej),15:01,V,0-2,֓c,VX,"37,585",VerQP^i@ronqsri^j
2006,iP,SߑP,03/21(΁Ej),15:04,Ya,3-0,b,,"43,815",ar^erʁi^j^i@ronqsri^j
2006,iP,SߑP,03/21(΁Ej),15:04,,1-2,t,{,"12,114",erÉ^i@ronqsri^j
2006,iP,SߑP,03/21(΁Ej),15:04,啪,1-2,lFM,΃h,"17,341",i@ronqsr
2006,iP,SߑP,03/21(΁Ej),16:04,e,2-2,e,X,"14,191",
2006,iP,SߑP,03/21(΁Ej),19:04,s,2-2,L,,"5,556",ar^jarsi^j^i@ronqsri^j
2006,iP,TߑP,03/25(y),15:00,{,1-0,,,"7,354",i@ronqsri^j
2006,iP,TߑP,03/25(y),15:02,b,3-1,V,,"9,442",XJCp[tFNsuI^i@ronqsri^j
2006,iP,TߑP,03/25(y),15:04,֓c,1-2,e,}n,"11,835",ar^i@ronqsri^j
2006,iP,TߑP,03/25(y),15:04,L,1-3,f,Lr,"13,067",i@ronqsr
2006,iP,TߑP,03/25(y),15:34,lFM,1-3,Ya,YX,"50,572",sariPj^i@ronqsri^j
2006,iP,TߑP,03/25(y),18:05,b{,1-1,,,"8,604",
2006,iP,TߑP,03/25(y),19:04,t,0-1,,tNA,"16,546",ar^i@ronqsri^j
2006,iP,TߑQ,03/26(),14:05,É,0-3,啪,䗤,"11,878",
2006,iP,TߑQ,03/26(),16:04,e,2-1,s,X^,"17,033",ar^jarsi^j^i@ronqsri^j
2006,iP,SߑQ,03/29(),19:02,f,3-1,{,,"9,019",XJCp[tFNsuI^i@ronqsri^j
2006,iP,UߑP,04/01(y),15:02,lFM,1-1,e,YX,"20,977",XJCp[tFNsuI^i@ronqsri^j
2006,iP,UߑP,04/01(y),15:04,b,2-3,b{,,"6,282",mgjb{^ar^i@ronqsri^j
2006,iP,UߑP,04/01(y),19:04,,2-3,f,{,"10,661",ar^i@ronqsri^j
2006,iP,UߑQ,04/02(),14:04,s,2-1,,,"3,670",
2006,iP,UߑQ,04/02(),15:00,e,2-2,t,X,"10,316",i@ronqsri^j
2006,iP,UߑQ,04/02(),15:04,,2-1,{,JV},"11,747",i@ronqsr
2006,iP,UߑQ,04/02(),15:04,V,1-1,L,VX,"34,071",mgjV^i@ronqsri^j
2006,iP,UߑQ,04/02(),15:04,啪,1-2,֓c,΃h,"17,406",ar^i@ronqsri^j
2006,iP,UߑQ,04/02(),16:04,Ya,0-0,É,,"44,625",
2006,iP,VߑP,04/08(y),14:00,b{,0-4,V,{,"14,599",R^erMB^erV^i@ronqsri^j
2006,iP,VߑP,04/08(y),15:02,t,2-1,b,tNA,"8,770",XJCp[tFNsuI^i@ronqsri^j
2006,iP,VߑP,04/08(y),15:04,É,1-1,s,LcX,"15,311",ar^jarsi^j^i@ronqsri^j
2006,iP,VߑP,04/08(y),15:04,L,1-3,e,Lr,"7,418",i@ronqsr
2006,iP,VߑP,04/08(y),15:05,{,2-1,lFM,,"8,370",
2006,iP,VߑP,04/08(y),16:03,e,3-1,֓c,X^,"24,214",mgj^i@ronqsri^j
2006,iP,VߑP,04/08(y),19:04,f,1-0,,,"17,967",ar^i@ronqsri^j
2006,iP,VߑQ,04/09(),13:04,,4-1,啪,{,"10,039",
2006,iP,VߑQ,04/09(),15:05,,0-1,Ya,,"21,545",ar^i@ronqsri^j
2006,iP,WߑP,04/15(y),15:02,,3-1,,JV},"12,361",XJCp[tFNsuI^i@ronqsri^j
2006,iP,WߑP,04/15(y),15:04,b,0-0,,,"10,421",ar^i@ronqsri^j
2006,iP,WߑP,04/15(y),15:04,啪,3-2,b{,΃h,"15,138",mgj啪^mgjb{^i@ronqsri^j
2006,iP,WߑP,04/15(y),15:05,Ya,3-0,s,,"40,657",
2006,iP,WߑP,04/15(y),15:34,V,2-1,É,VX,"39,322",Ver^i@ronqsri^j
2006,iP,WߑP,04/15(y),16:04,e,2-3,t,X^,"21,190",lwer^i@ronqsr
2006,iP,WߑP,04/15(y),19:04,lFM,3-4,f,YX,"28,885",ar^i@ronqsri^j
2006,iP,WߑQ,04/16(),15:04,֓c,3-0,L,}n,"11,788",ar^i@ronqsri^j
2006,iP,WߑQ,04/16(),15:05,e,3-1,{,X,"11,149",
2006,iP,XߑP,04/22(y),14:00,É,0-2,e,䗤,"11,810",i@ronqsri^j
2006,iP,XߑP,04/22(y),14:03,f,1-0,e,,"15,103",XJCp[tFNsuI^i@ronqsri^j
2006,iP,XߑP,04/22(y),15:00,{,2-2,啪,,"6,162",i@ronqsri^j
2006,iP,XߑP,04/22(y),15:04,s,1-2,,,"12,295",i@ronqsr^jarsi^j
2006,iP,XߑP,04/22(y),15:04,L,1-1,b,Lr,"6,794",ar^i@ronqsri^j
2006,iP,XߑP,04/22(y),15:05,t,0-0,֓c,tNA,"15,184",
2006,iP,XߑP,04/22(y),19:04,,2-1,Ya,É,"23,406",ar^i@ronqsri^j
2006,iP,XߑQ,04/23(),15:04,b{,1-0,lFM,,"14,615",ar^i@ronqsri^j
2006,iP,XߑQ,04/23(),15:05,,2-0,V,,"8,667",
2006,iP,POߑP,04/29(yEj),15:00,,4-1,,JV},"13,450",i@ronqsri^j
2006,iP,POߑP,04/29(yEj),15:00,e,2-2,,X,"13,300",i@ronqsri^j
2006,iP,POߑP,04/29(yEj),15:02,b,2-2,s,,"20,268",XJCp[tFNsuI^i@ronqsri^j
2006,iP,POߑP,04/29(yEj),15:04,Ya,2-0,{,,"54,774",ar^erʁi^j^i@ronqsri^j
2006,iP,POߑP,04/29(yEj),15:04,啪,0-3,t,΃h,"20,543",i@ronqsr
2006,iP,POߑP,04/29(yEj),15:06,lFM,2-1,L,YX,"20,232",
2006,iP,POߑP,04/29(yEj),19:04,e,2-1,É,X^,"22,188",ar^i@ronqsri^j
2006,iP,POߑQ,04/30(),13:04,֓c,2-0,b{,}n,"14,642",
2006,iP,POߑQ,04/30(),15:04,V,1-0,f,VX,"41,430",ar^i@ronqsri^j
2006,iP,PPߑP,05/03(Ej),14:04,b{,1-3,e,,"15,427",
2006,iP,PPߑP,05/03(Ej),15:00,,1-2,e,,"11,101",i@ronqsri^j
2006,iP,PPߑP,05/03(Ej),15:04,,0-1,啪,JV},"22,948",ar^i@ronqsri^j
2006,iP,PPߑP,05/03(Ej),15:04,,1-0,b,{,"18,241",erÉ^XJCp[tFNsuI^i@ronqsri^j
2006,iP,PPߑP,05/03(Ej),15:04,s,1-1,V,,"11,221",jars^i@ronqsr
2006,iP,PPߑP,05/03(Ej),16:03,t,2-0,Ya,tNA,"17,438",mgj^ar^i@ronqsri^j
2006,iP,PPߑP,05/03(Ej),16:04,{,0-1,L,,"9,031",
2006,iP,PPߑP,05/03(Ej),19:04,É,1-1,lFM,LcX,"25,687",ar^i@ronqsri^j
2006,iP,PQߑP,05/06(y),15:04,e,1-2,{,X^,"25,128",ar^i@ronqsri^j
2006,iP,PQߑP,05/06(y),15:04,lFM,1-1,t,YX,"32,073",sariPj^i@ronqsri^j
2006,iP,PQߑP,05/06(y),15:04,֓c,2-2,É,É,"36,376",mgjÉ^i@ronqsr
2006,iP,PQߑP,05/06(y),15:04,啪,2-1,s,΃h,"21,874",XJCp[tFNsuI^i@ronqsri^j
2006,iP,PQߑP,05/06(y),17:06,L,1-0,,Lr,"12,466",
2006,iP,PQߑP,05/06(y),19:04,V,4-2,,VX,"42,056",ar^i@ronqsri^j
2006,iP,PQߑP,05/06(y),19:05,f,2-0,b{,,"18,193",
2006,iP,PQߑQ,05/07(),15:04,Ya,4-0,,,"56,982",sariPj^i@ronqsri^j
2006,iP,PQߑQ,05/07(),15:05,e,1-0,b,X,"9,430",ar^i@ronqsri^j
2006,iP,PPߑQ,07/12(),19:04,f,2-2,֓c,,"15,343",ar^i@ronqsri^j
2006,iP,PRߑP,07/19(),19:00,b,0-2,啪,,"6,806",i@ronqsri^j
2006,iP,PRߑP,07/19(),19:01,É,2-3,L,䗤,"6,760",Ceri^j^i@ronqsri^j
2006,iP,PRߑP,07/19(),19:02,,1-0,lFM,{,"10,183",XJCp[tFNsuI^i@ronqsri^j
2006,iP,PRߑP,07/19(),19:04,,2-4,e,JV},"7,427",
2006,iP,PRߑP,07/19(),19:04,{,2-1,֓c,,"5,806",
2006,iP,PRߑP,07/19(),19:04,t,1-2,f,tNA,"15,322",ar^i@ronqsri^j
2006,iP,PRߑP,07/19(),19:04,b{,3-1,s,,"8,025",i@ronqsri^j
2006,iP,PRߑP,07/19(),19:04,V,2-1,Ya,VX,"38,592",i@ronqsr
2006,iP,PRߑP,07/19(),19:04,,0-0,e,,"12,142",lwer^i@ronqsri^j
2006,iP,PSߑP,07/22(y),18:06,e,2-4,,{,"17,070",lwer^i@ronqsri^j
2006,iP,PSߑP,07/22(y),18:06,L,2-4,t,Lr,"13,432",i@ronqsr
2006,iP,PSߑP,07/22(y),19:00,{,3-1,b{,,"7,493",i@ronqsri^j
2006,iP,PSߑP,07/22(y),19:02,֓c,3-1,b,}n,"13,524",XJCp[tFNsuI^Éi^j^i@ronqsri^j
2006,iP,PSߑP,07/22(y),19:04,e,0-2,Ya,X,"23,005",ar^i@ronqsri^j
2006,iP,PSߑP,07/22(y),19:04,啪,4-0,V,΃h,"19,304",i@ronqsri^j
2006,iP,PSߑP,07/22(y),19:05,f,5-1,É,,"17,864",
2006,iP,PSߑQ,07/23(),19:05,lFM,0-0,,YX,"19,223",
2006,iP,PSߑQ,07/23(),19:05,s,2-1,,,"9,005",ar^jarsi^j^erÉi^j^i@ronqsri^j
2006,iP,PTߑP,07/26(),19:00,É,2-0,{,䗤,"6,618",i@ronqsri^j
2006,iP,PTߑP,07/26(),19:00,L,1-3,b{,Lr,"5,545",i@ronqsri^j
2006,iP,PTߑP,07/26(),19:00,,1-2,,,"13,655",i@ronqsri^j
2006,iP,PTߑP,07/26(),19:02,V,0-1,,VX,"39,278",XJCp[tFNsuI^i@ronqsri^j
2006,iP,PTߑP,07/26(),19:04,Ya,1-0,啪,,"16,040",
2006,iP,PTߑP,07/26(),19:04,֓c,3-1,lFM,}n,"12,875",ar^i@ronqsri^j
2006,iP,PTߑP,07/26(),19:04,s,1-2,t,,"13,225",jars^i@ronqsri^j
2006,iP,PTߑP,07/26(),19:05,e,3-2,f,X,"20,425",i@ronqsr
2006,iP,PTߑP,07/26(),19:05,b,1-5,e,,"8,027",
2006,iP,PUߑP,07/29(y),18:04,{,1-0,s,FJ,"7,278",eʁ^jars^i@ronqsri^j
2006,iP,PUߑP,07/29(y),18:34,e,0-2,L,X^,"31,684",lwer^XJCp[tFNsuI^i@ronqsri^j
2006,iP,PUߑP,07/29(y),18:34,b{,1-1,Ya,,"17,000",i@ronqsr
2006,iP,PUߑP,07/29(y),19:04,f,2-2,,,"14,621",i@ronqsri^j
2006,iP,PUߑP,07/29(y),19:04,啪,1-1,e,΃h,"20,873",i@ronqsri^j
2006,iP,PUߑP,07/29(y),19:05,,2-0,b,JV},"14,289",ar^i@ronqsri^j
2006,iP,PUߑP,07/29(y),19:05,,2-0,֓c,É,"24,920",
2006,iP,PUߑQ,07/30(),19:04,t,2-3,É,tNA,"16,961",
2006,iP,PUߑQ,07/30(),19:04,lFM,2-0,V,YX,"24,032",ar^i@ronqsri^j
2006,iP,PVߑP,08/12(y),18:00,L,1-2,,Lr,"10,569",i@ronqsri^j
2006,iP,PVߑP,08/12(y),19:00,V,1-2,t,VX,"41,487",i@ronqsri^j
2006,iP,PVߑP,08/12(y),19:00,b,0-1,{,,"12,616",i@ronqsri^j
2006,iP,PVߑP,08/12(y),19:01,É,5-1,b{,䗤,"12,454",i@ronqsri^j
2006,iP,PVߑP,08/12(y),19:04,Ya,4-0,e,,"50,195",
2006,iP,PVߑP,08/12(y),19:04,e,1-1,lFM,X,"20,144",
2006,iP,PVߑP,08/12(y),19:04,֓c,3-3,,É,"30,353",XJCp[tFNsuI^i@ronqsri^j
2006,iP,PVߑP,08/12(y),19:04,s,1-4,f,,"16,089",jars^XJCp[tFNsuI^i@ronqsri^j
2006,iP,PVߑP,08/12(y),19:04,,0-2,啪,,"18,205",ar^i@ronqsri^j
2006,iP,PWߑP,08/19(y),19:00,É,3-1,֓c,䗤,"14,392",{i^j^i@ronqsri^j
2006,iP,PWߑP,08/19(y),19:00,,4-5,s,,"10,387",i@ronqsri^j
2006,iP,PWߑP,08/19(y),19:02,b,2-0,lFM,,"18,609",XJCp[tFNsuI^i@ronqsri^j
2006,iP,PWߑP,08/19(y),19:04,,2-2,Ya,JV},"34,236",ar^i@ronqsri^j
2006,iP,PWߑP,08/19(y),19:04,{,0-2,f,,"11,355",
2006,iP,PWߑP,08/19(y),19:04,V,2-1,e,VX,"38,611",i@ronqsr
2006,iP,PWߑP,08/19(y),19:04,,4-0,b{,{,"15,410",Éi^j^i@ronqsri^j
2006,iP,PWߑQ,08/20(),18:05,L,0-1,啪,Lr,"10,145",
2006,iP,PWߑQ,08/20(),19:04,t,3-4,e,tNA,"17,261",ar^i@ronqsri^j
2006,iP,PXߑP,08/23(),19:01,e,4-2,É,X,"11,306",i@ronqsri^j
2006,iP,PXߑP,08/23(),19:02,֓c,3-1,t,}n,"11,992",XJCp[tFNsuI^i@ronqsri^j
2006,iP,PXߑP,08/23(),19:04,Ya,3-1,V,,"34,417",
2006,iP,PXߑP,08/23(),19:04,e,5-1,,,"18,533",lwer^i@ronqsri^j
2006,iP,PXߑP,08/23(),19:04,b{,2-1,,,"12,115",i@ronqsr
2006,iP,PXߑP,08/23(),19:04,s,4-4,b,,"11,291",jars^i@ronqsri^j
2006,iP,PXߑP,08/23(),19:04,f,3-2,L,,"17,826",ar^i@ronqsri^j
2006,iP,PXߑP,08/23(),19:04,啪,3-3,,΃h,"18,864",i@ronqsri^j
2006,iP,PXߑP,08/23(),19:05,lFM,1-2,{,Oc,"11,623",
2006,iP,QOߑP,08/26(y),18:03,{,1-5,e,FJ,"9,076",XJCp[tFNsuI^i@ronqsri^j
2006,iP,QOߑP,08/26(y),18:30,,0-2,L,JV},"14,052",i@ronqsri^j
2006,iP,QOߑP,08/26(y),18:34,b{,1-1,֓c,,"14,227",i@ronqsri^j
2006,iP,QOߑP,08/26(y),19:00,,1-3,t,,"17,738",qjai^j^i@ronqsri^j
2006,iP,QOߑP,08/26(y),19:04,V,3-3,啪,VX,"40,466",ar^i@ronqsri^j
2006,iP,QOߑP,08/26(y),19:04,,2-0,e,{,"16,177",i@ronqsr
2006,iP,QOߑP,08/26(y),19:05,b,1-2,Ya,,"23,386",
2006,iP,QOߑQ,08/27(),19:04,s,0-4,lFM,,"8,886",ar^jarsi^j^i@ronqsri^j
2006,iP,QOߑQ,08/27(),19:05,É,3-3,f,䗤,"17,556",
2006,iP,QPߑP,08/30(),18:30,t,1-2,e,tNA,"11,433",i@ronqsri^j
2006,iP,QPߑP,08/30(),18:59,,2-1,É,JV},"9,457",
2006,iP,QPߑP,08/30(),19:00,,1-0,s,{,"9,249",i@ronqsri^j
2006,iP,QPߑP,08/30(),19:03,f,3-0,V,,"13,979",XJCp[tFNsuI^i@ronqsri^j
2006,iP,QPߑP,08/30(),19:04,{,2-2,,,"4,873",eʁ^i@ronqsri^j
2006,iP,QPߑP,08/30(),19:04,e,2-3,b,,"21,041",lwer^lweri^j^i@ronqsri^j
2006,iP,QPߑP,08/30(),19:04,L,2-1,֓c,Lr,"9,513",i@ronqsr
2006,iP,QPߑP,08/30(),19:04,啪,2-1,Ya,΃h,"27,843",ar^i@ronqsri^j
2006,iP,QPߑP,08/30(),19:05,lFM,3-0,b{,Oc,"12,384",
2006,iP,QQߑP,09/09(y),16:04,lFM,1-2,e,YX,"22,769",mgj^i@ronqsri^j
2006,iP,QQߑP,09/09(y),18:02,L,0-0,É,Lr,"9,299",XJCp[tFNsuI^i@ronqsri^j
2006,iP,QQߑP,09/09(y),18:34,e,1-3,b{,X^,"21,382",lwer^i@ronqsri^j
2006,iP,QQߑP,09/09(y),19:00,֓c,7-0,V,}n,"11,471",i@ronqsri^j
2006,iP,QQߑP,09/09(y),19:04,t,1-3,,tNA,"13,463",
2006,iP,QQߑP,09/09(y),19:04,f,3-1,b,,"20,463",ar^i^j^i@ronqsri^j
2006,iP,QQߑP,09/09(y),19:04,啪,0-0,,΃h,"26,841",i@ronqsr
2006,iP,QQߑQ,09/10(),19:04,,1-0,s,JV},"9,142",ar^i@ronqsri^j
2006,iP,QQߑQ,09/10(),19:05,{,0-2,Ya,,"35,059",
2006,iP,QRߑP,09/16(y),14:04,s,1-0,e,,"8,440",jarsi^j^lweri^j^i@ronqsri^j
2006,iP,QRߑP,09/16(y),14:04,啪,0-2,f,΃h,"25,384",mgj啪^XJCp[tFNsuI^i@ronqsri^j
2006,iP,QRߑP,09/16(y),15:04,,1-2,,,"20,800",ar^mgjÉi^j^i@ronqsri^j
2006,iP,QRߑP,09/16(y),19:00,É,3-1,V,䗤,"9,308",i@ronqsri^j
2006,iP,QRߑP,09/16(y),19:04,Ya,2-1,L,,"39,123",
2006,iP,QRߑP,09/16(y),19:04,b,3-2,t,,"19,036",i@ronqsr
2006,iP,QRߑP,09/16(y),19:04,,1-3,lFM,,"12,519",ar^i^j^i@ronqsri^j
2006,iP,QRߑQ,09/17(),19:04,e,3-4,֓c,X,"15,482",ar^i@ronqsri^j
2006,iP,QRߑQ,09/17(),19:04,b{,3-2,{,,"10,150",
2006,iP,QSߑP,09/23(yEj),15:02,,1-0,b,,"12,654",XJCp[tFNsuI^qjai^j^i@ronqsri^j
2006,iP,QSߑP,09/23(yEj),15:04,Ya,1-0,,,"48,378",ar^eʁi^j^mgjÉi^j^i@ronqsri^j
2006,iP,QSߑP,09/23(yEj),15:05,lFM,2-1,É,YX,"21,665",
2006,iP,QSߑP,09/23(yEj),15:34,֓c,2-3,啪,}n,"11,218",É^i@ronqsri^j
2006,iP,QSߑP,09/23(yEj),16:00,L,1-0,{,Lr,"10,265",i@ronqsri^j
2006,iP,QSߑP,09/23(yEj),18:34,t,2-0,s,tNA,"10,857",i@ronqsr^jarsi^j
2006,iP,QSߑP,09/23(yEj),19:03,f,4-0,e,,"17,544",ar^֐eri^j^i@ronqsri^j
2006,iP,QSߑQ,09/24(),15:04,,3-2,e,JV},"17,398",
2006,iP,QSߑQ,09/24(),15:04,V,3-0,b{,VX,"40,422",ar^i@ronqsri^j
2006,iP,QTߑP,09/30(y),15:03,e,1-4,V,X^,"24,136",lwer^XJCp[tFNsuI^i@ronqsri^j
2006,iP,QTߑP,09/30(y),15:04,e,3-3,L,X,"12,029",ar^i@ronqsri^j
2006,iP,QTߑP,09/30(y),15:04,lFM,0-1,֓c,YX,"25,435",sariPj^É^i@ronqsri^j
2006,iP,QTߑP,09/30(y),17:04,s,1-5,Ya,,"16,492",
2006,iP,QTߑP,09/30(y),18:31,t,2-1,啪,tNA,"10,609",i@ronqsri^j
2006,iP,QTߑP,09/30(y),19:04,{,1-4,É,,"8,223",ar^i@ronqsri^j
2006,iP,QTߑP,09/30(y),19:04,b,2-2,,,"15,186",i@ronqsr
2006,iP,QTߑQ,10/01(),15:04,b{,3-2,f,,"15,462",ar^i@ronqsri^j
2006,iP,QTߑQ,10/01(),15:04,,4-0,,{,"10,807",
2006,iP,QUߑP,10/06(),19:05,s,1-1,{,,"5,237",jars^eʁ^i@ronqsri^j
2006,iP,QUߑQ,10/07(y),14:04,V,1-0,lFM,VX,"35,603",mgjV^i@ronqsri^j
2006,iP,QUߑQ,10/07(y),14:04,É,1-2,e,䗤,"10,840",i@ronqsr
2006,iP,QUߑQ,10/07(y),15:01,e,2-1,啪,X,"10,282",i@ronqsri^j
2006,iP,QUߑQ,10/07(y),15:02,,2-1,,,"12,181",XJCp[tFNsuI^i@ronqsri^j
2006,iP,QUߑQ,10/07(y),15:04,Ya,2-0,t,,"48,952",
2006,iP,QUߑQ,10/07(y),15:04,֓c,3-2,f,É,"21,066",
2006,iP,QUߑQ,10/07(y),15:04,b,1-1,,Q,"7,013",ari^j^i@ronqsri^j
2006,iP,QUߑQ,10/07(y),18:05,b{,1-0,L,,"10,222",
2006,iP,QVߑP,10/14(y),14:02,É,1-1,,䗤,"9,888",XJCp[tFNsuI^i@ronqsri^j
2006,iP,QVߑP,10/14(y),14:04,f,1-1,lFM,,"16,281",sariPj^i@ronqsri^j^i^j
2006,iP,QVߑP,10/14(y),14:04,啪,1-1,b,F{,"12,843",i@ronqsri^j
2006,iP,QVߑP,10/14(y),15:04,,0-4,t,JV},"15,315",ar^i@ronqsri^j
2006,iP,QVߑP,10/14(y),15:04,V,1-1,s,VX,"36,272",erV^i@ronqsr
2006,iP,QVߑP,10/14(y),15:04,֓c,2-1,{,}n,"11,490",É^ari^j^i@ronqsri^j
2006,iP,QVߑP,10/14(y),19:04,e,2-0,b{,X,"14,383",
2006,iP,QVߑQ,10/15(),15:04,Ya,2-1,,,"17,541",ar^i@ronqsri^j
2006,iP,QVߑQ,10/15(),15:05,L,5-2,e,Lr,"11,689",
2006,iP,QWߑP,10/21(y),13:04,b{,2-1,É,,"9,747",R^ari^j^i@ronqsri^j
2006,iP,QWߑP,10/21(y),14:04,lFM,2-1,,YX,"24,333",ar^i@ronqsri^j
2006,iP,QWߑP,10/21(y),14:04,s,1-1,啪,,"8,491",XJCp[tFNsuI^jarsi^j^i@ronqsri^j
2006,iP,QWߑP,10/21(y),15:04,t,1-3,{,tNA,"12,863",i@ronqsr
2006,iP,QWߑP,10/21(y),15:04,,1-1,V,{,"13,244",erÉ^i@ronqsri^j
2006,iP,QWߑP,10/21(y),15:04,,2-1,֓c,,"16,445",
2006,iP,QWߑP,10/21(y),16:03,Ya,2-2,e,,"50,134",
2006,iP,QWߑQ,10/22(),15:04,e,3-2,f,X^,"36,161",ar^lweri^j^i@ronqsri^j
2006,iP,QWߑQ,10/22(),15:05,b,4-2,L,Q,"7,897",
2006,iP,QXߑP,10/28(y),14:00,{,0-1,e,,"10,074",i@ronqsri^j
2006,iP,QXߑP,10/28(y),14:00,É,2-1,t,LcX,"18,534",i@ronqsri^j
2006,iP,QXߑP,10/28(y),14:04,e,2-0,s,X,"10,505",ar^i@ronqsri^j
2006,iP,QXߑP,10/28(y),14:04,b{,0-1,b,,"9,852",erR^i@ronqsr
2006,iP,QXߑP,10/28(y),14:04,V,0-1,,VX,"38,203",Ver^XJCp[tFNsuI^i@ronqsri^j
2006,iP,QXߑP,10/28(y),14:04,L,3-0,lFM,Lr,"16,162",
2006,iP,QXߑP,10/28(y),14:05,֓c,3-2,Ya,}n,"16,162",sariPj^É^i@ronqsri^j
2006,iP,QXߑQ,10/29(),15:04,f,3-0,,,"19,170",ar^i@ronqsri^j
2006,iP,QXߑQ,10/29(),15:05,啪,2-0,,΃h,"28,690",
2006,iP,ROߑP,11/11(y),15:01,t,1-3,V,tNA,"11,286",i@ronqsri^j
2006,iP,ROߑP,11/11(y),15:03,b,2-3,֓c,Q,"7,873",XJCp[tFNsuI^i@ronqsri^j
2006,iP,ROߑP,11/11(y),15:04,Ya,1-0,lFM,,"52,582",ar^eʁi^j^i@ronqsri^j
2006,iP,ROߑP,11/11(y),15:04,e,5-4,e,X^,"23,251",lwer^i@ronqsri^j
2006,iP,ROߑP,11/11(y),15:04,,1-1,{,{,"9,079",erÉ^i@ronqsri^j
2006,iP,ROߑP,11/11(y),15:04,s,1-1,b{,,"5,566",
2006,iP,ROߑP,11/11(y),15:05,,3-1,f,JV},"14,663",
2006,iP,ROߑP,11/11(y),15:05,,0-2,L,,"11,505",i@ronqsr
2006,iP,ROߑP,11/11(y),15:05,啪,0-1,É,΃h,"19,273",mgj啪^i@ronqsri^j
2006,iP,RPߑP,11/18(y),14:01,{,0-3,,,"12,094",i@ronqsri^j
2006,iP,RPߑP,11/18(y),14:04,e,2-1,,X,"12,871",ar^i@ronqsri^j
2006,iP,RPߑP,11/18(y),14:04,b{,2-0,啪,,"9,156",mgjb{^i@ronqsri^j
2006,iP,RPߑP,11/18(y),14:04,֓c,4-1,e,}n,"14,406",lwer^i@ronqsr
2006,iP,RPߑP,11/18(y),14:04,É,1-0,Ya,LcX,"32,109",
2006,iP,RPߑP,11/18(y),14:04,L,1-0,s,Lr,"8,182",mgjL^XJCp[tFNsuI^i@ronqsri^j
2006,iP,RPߑP,11/18(y),14:05,lFM,2-3,,YX,"20,258",ar[^i@ronqsri^j
2006,iP,RPߑQ,11/19(),15:05,V,2-2,b,VX,"40,393",
2006,iP,RPߑQ,11/19(),15:05,f,1-0,t,,"16,950",ar^i@ronqsri^j
2006,iP,RQߑP,11/23(؁Ej),15:00,,5-1,V,JV},"12,178",i@ronqsri^j
2006,iP,RQߑP,11/23(؁Ej),15:00,啪,1-2,{,΃h,"15,841",i@ronqsri^j
2006,iP,RQߑP,11/23(؁Ej),15:01,t,0-1,L,tNA,"12,049",i@ronqsri^j
2006,iP,RQߑP,11/23(؁Ej),15:04,Ya,3-0,b{,,"57,781",eʁ^erR^ar^i@ronqsri^j
2006,iP,RQߑP,11/23(؁Ej),15:04,e,1-2,lFM,X^,"23,553",
2006,iP,RQߑP,11/23(؁Ej),15:04,,4-3,e,{,"12,172",É^i@ronqsri^j
2006,iP,RQߑP,11/23(؁Ej),15:04,s,1-3,֓c,,"13,785",jars^XJCp[tFNsuI^i@ronqsri^j
2006,iP,RQߑP,11/23(؁Ej),15:04,b,1-1,É,Q,"8,737",i@ronqsr
2006,iP,RQߑP,11/23(؁Ej),15:05,,1-1,f,,"20,187",
2006,iP,RRߑP,11/26(),14:00,e,3-2,,X,"17,518",i@ronqsri^j
2006,iP,RRߑP,11/26(),14:00,lFM,0-1,啪,YX,"24,895",i@ronqsri^j
2006,iP,RRߑP,11/26(),14:00,֓c,1-0,,É,"37,711",
2006,iP,RRߑP,11/26(),14:02,É,2-0,,䗤,"10,707",XJCp[tFNsuI^i@ronqsri^j
2006,iP,RRߑP,11/26(),14:02,L,2-1,V,Lr,"11,214",i@ronqsri^j
2006,iP,RRߑP,11/26(),14:03,e,0-0,Ya,X^,"41,528",
2006,iP,RRߑP,11/26(),14:03,b{,2-3,t,,"15,069",mgjb{^i@ronqsri^j
2006,iP,RRߑP,11/26(),14:04,{,2-0,b,,"9,285",
2006,iP,RRߑP,11/26(),14:05,f,3-2,s,,"16,768",ar^i@ronqsri^j
2006,iP,RSߑP,12/02(y),14:00,t,0-2,lFM,tNA,"17,175",
2006,iP,RSߑP,12/02(y),14:02,,3-0,֓c,JV},"16,433",XJCp[tFNsuI^i@ronqsri^j
2006,iP,RSߑP,12/02(y),14:04,Ya,3-2,f,,"62,241",eʁ^mgj^i@ronqsri^j
2006,iP,RSߑP,12/02(y),14:04,V,1-2,{,VX,"33,993",mgjV^i@ronqsri^j
2006,iP,RSߑP,12/02(y),14:04,,3-0,L,{,"13,581",erÉ^XJCp[tFNsuI^i@ronqsri^j
2006,iP,RSߑP,12/02(y),14:04,s,0-1,É,,"9,110",jarsi^j^i@ronqsri^j
2006,iP,RSߑP,12/02(y),14:04,b,1-3,e,Q,"9,278",ar^i^j^i@ronqsri^j
2006,iP,RSߑP,12/02(y),14:04,,1-1,b{,,"14,703",
2006,iP,RSߑP,12/02(y),14:04,啪,0-1,e,΃h,"20,854",lwer^i@ronqsri^j
